cluster_id,n_nodes,n_seed,sum_kzt_internal,top_gids,hypothesis
0,277,1,31856346.24,100000006866783100 100000005910114100 100000004400305100 100000000437046100 100000002957787100,признаки управляемой ветки: 9 координирующих узлов и 9 точек консолидации; 1 seed-клиент; внутренний оборот 75.9 млн KZT
1,270,1,10178044.0,100000002578405100 100000002527114100 100000001697501100 100000001166289100 100000003942602100,признаки веерной раздачи: 3 распределителя на 270 узлов; 1 seed-клиент; внутренний оборот 20.4 млн KZT
2,148,5,19555090.0,100000003684369100 100000008165763100 100000005830339100 100000003249054100 100000008304139100,признаки управляемой ветки: 2 координирующих узла и 2 точки консолидации; 5 seed-клиентов; внутренний оборот 47.9 млн KZT
3,126,0,16339904.0,100000008603629100 100000001857829100 100000003880331100 100000002723538100 100000006977207100,признаки веерной раздачи: 3 распределителя на 126 узлов; без seed-клиентов; внутренний оборот 39.6 млн KZT
4,126,0,24907250.33,100000000331309100 100000000332284100 100000003741418100 100000008560717100 100000008244300100,признаки управляемой ветки: 1 координирующий узел и 4 точки консолидации; без seed-клиентов; внутренний оборот 59.5 млн KZT
5,125,7,18300397.28,100000003016635100 100000004188160100 100000008144528100 100000001530983100 100000004150593100,признаки управляемой ветки: 2 координирующих узла и 1 точка консолидации; 7 seed-клиентов; внутренний оборот 38.8 млн KZT
6,106,4,16242879.02,100000004015047100 100000002894076100 100000007747786100 100000008748408100 100000005514161100,признаки схемы сбор-раздача: 1 сборщик и 2 распределителя; 4 seed-клиента; внутренний оборот 35.5 млн KZT
7,104,1,21747439.59,100000002718366100 100000002838861100 100000008547948100 100000008489922100 100000008710791100,признаки схемы сбор-раздача: 2 сборщика и 7 распределителей; 1 seed-клиент; внутренний оборот 49.5 млн KZT
8,61,0,4350466.67,100000005704413100 100000004569484100 100000008104567100 100000005578559100 100000005473151100,признаки веерной раздачи: 1 распределитель на 61 узел; без seed-клиентов; внутренний оборот 9.5 млн KZT
9,59,1,6772097.0,100000003115284100 100000008730846100 100000007998965100 100000000343175100 100000003360542100,признаки схемы сбор-раздача: 3 сборщика и 2 распределителя; 1 seed-клиент; внутренний оборот 16.5 млн KZT
10,56,3,13397542.0,100000001253557100 100000002547110100 100000008547844100 100000008465789100 100000008466579100,признаки схемы сбор-раздача: 2 сборщика и 3 распределителя; 3 seed-клиента; внутренний оборот 29.5 млн KZT
11,55,1,3064863.0,100000008636603100 100000003265158100 100000002679516100 100000002193259100 100000008680731100,признаки веерной раздачи: 1 распределитель на 55 узлов; 1 seed-клиент; внутренний оборот 6.6 млн KZT
12,51,0,13990812.0,100000001282143100 100000008512827100 100000008742053100 100000005242320100 100000002956769100,признаки схемы сбор-раздача: 1 сборщик и 3 распределителя; без seed-клиентов; внутренний оборот 30.9 млн KZT
13,50,3,4135421.0,100000008346837100 100000008003034100 100000005074393100 100000003270419100 100000005882013100,признаки транзитной цепочки: 5 узлов пропускают средства дальше; 3 seed-клиента; внутренний оборот 9.4 млн KZT
14,44,0,10215968.84,100000005933757100 100000002605308100 100000001904863100 100000004905207100 100000001937767100,"выраженной структуры не выявлено, преимущественно периферия; без seed-клиентов; внутренний оборот 21.2 млн KZT"
15,41,0,5151924.19,100000003242289100 100000008413748100 100000006225798100 100000003964910100 100000008221543100,признаки веерной раздачи: 2 распределителя на 41 узел; без seed-клиентов; внутренний оборот 11.9 млн KZT
16,41,3,4888834.28,100000004156082100 100000004820260100 100000002575080100 100000007131370100 100000003221384100,признаки транзитной цепочки: 3 узла пропускают средства дальше; 3 seed-клиента; внутренний оборот 10.3 млн KZT
17,30,1,6513430.0,100000007594394100 100000008546855100 100000003854444100 100000006274203100 100000008582730100,признаки схемы сбор-раздача: 2 сборщика и 1 распределитель; 1 seed-клиент; внутренний оборот 13.6 млн KZT
18,30,0,8045494.0,100000001303311100 100000008710843100 100000008743913100 100000007229557100 100000001714173100,признаки схемы сбор-раздача: 1 сборщик и 2 распределителя; без seed-клиентов; внутренний оборот 18.2 млн KZT
19,29,0,446070.0,100000008460102100 100000001164648100 100000004891562100 100000002706810100 100000002670463100,признаки веерной раздачи: 1 распределитель на 29 узлов; без seed-клиентов; внутренний оборот 0.9 млн KZT
20,26,14,2289450.0,100000005382566100 100000004403675100 100000005523088100 100000008516839100 100000004041163100,признаки управляемой ветки: 1 координирующий узел и 1 точка консолидации; 14 seed-клиентов; внутренний оборот 4.9 млн KZT
21,20,0,617900.0,100000002448088100 100000003154105100 100000000723383100 100000001427082100 100000002185328100,признаки транзитной цепочки: 1 узел пропускают средства дальше; без seed-клиентов; внутренний оборот 1.3 млн KZT
22,18,0,3422800.0,100000003718221100 100000003104347100 100000003824464100 100000001822623100 100000008238989100,признаки транзитной цепочки: 1 узел пропускают средства дальше; без seed-клиентов; внутренний оборот 7.2 млн KZT
23,17,1,2977887.0,100000004160650100 100000004005964100 100000004144536100 100000002257794100 100000003275398100,признаки веерной раздачи: 1 распределитель на 17 узлов; 1 seed-клиент; внутренний оборот 6.0 млн KZT
24,17,1,21586840.0,100000002224132100 100000004603109100 100000004892144100 100000000594783100 100000000552584100,"выраженной структуры не выявлено, преимущественно периферия; 1 seed-клиент; внутренний оборот 43.2 млн KZT"
25,15,0,3436955.0,100000003111305100 100000005171642100 100000006664478100 100000002459093100 100000001985793100,признаки транзитной цепочки: 2 узла пропускают средства дальше; без seed-клиентов; внутренний оборот 7.6 млн KZT
26,15,0,850450.0,100000002472632100 100000002984403100 100000002708624100 100000004445291100 100000001526235100,признаки транзитной цепочки: 1 узел пропускают средства дальше; без seed-клиентов; внутренний оборот 1.7 млн KZT
27,15,0,3626010.0,100000006704530100 100000003122817100 100000002691583100 100000001819396100 100000000408846100,признаки транзитной цепочки: 1 узел пропускают средства дальше; без seed-клиентов; внутренний оборот 7.3 млн KZT
28,14,0,1605604.0,100000006965162100 100000008708025100 100000008213966100 100000000838385100 100000007382543100,"выраженной структуры не выявлено, преимущественно периферия; без seed-клиентов; внутренний оборот 3.2 млн KZT"
29,13,1,1392916.0,100000003164661100 100000005077484100 100000004463277100 100000004192865100 100000003617552100,"выраженной структуры не выявлено, преимущественно периферия; 1 seed-клиент; внутренний оборот 2.8 млн KZT"
30,13,0,6748650.0,100000000673868100 100000000821507100 100000002911170100 100000006567935100 100000001961048100,"выраженной структуры не выявлено, преимущественно периферия; без seed-клиентов; внутренний оборот 14.0 млн KZT"
31,11,0,3784703.0,100000002975437100 100000002710570100 100000002212494100 100000003594472100 100000002175422100,"выраженной структуры не выявлено, преимущественно периферия; без seed-клиентов; внутренний оборот 7.6 млн KZT"
32,10,0,603900.0,100000003635170100 100000008501413100 100000003321423100 100000007737775100 100000002696152100,признаки транзитной цепочки: 2 узла пропускают средства дальше; без seed-клиентов; внутренний оборот 1.2 млн KZT
33,10,0,322010.0,100000007322059100 100000000993112100 100000002691858100 100000002628146100 100000002558173100,признаки транзитной цепочки: 1 узел пропускают средства дальше; без seed-клиентов; внутренний оборот 0.7 млн KZT
34,10,0,1727065.0,100000005519998100 100000004336312100 100000003219438100 100000005932987100 100000004017410100,признаки транзитной цепочки: 2 узла пропускают средства дальше; без seed-клиентов; внутренний оборот 3.5 млн KZT
35,9,0,1406982.0,100000007647294100 100000000954884100 100000003006633100 100000000783406100 100000002184107100,"выраженной структуры не выявлено, преимущественно периферия; без seed-клиентов; внутренний оборот 2.9 млн KZT"
36,8,0,389000.0,100000005507142100 100000001825934100 100000002612809100 100000005264874100 100000002214207100,"выраженной структуры не выявлено, преимущественно периферия; без seed-клиентов; внутренний оборот 0.8 млн KZT"
37,8,0,2473417.91,100000004906181100 100000008175078100 100000008675322100 100000000557536100 100000008349740100,"выраженной структуры не выявлено, преимущественно периферия; без seed-клиентов; внутренний оборот 5.0 млн KZT"
38,7,0,1268308.0,100000005754335100 100000003888527100 100000006573438100 100000008011159100 100000006169033100,"выраженной структуры не выявлено, преимущественно периферия; без seed-клиентов; внутренний оборот 2.6 млн KZT"
39,7,0,1765600.0,100000007392365100 100000007865484100 100000008551752100 100000003631015100 100000004976946100,"выраженной структуры не выявлено, преимущественно периферия; без seed-клиентов; внутренний оборот 3.5 млн KZT"
40,7,0,143000.0,100000003962994100 100000005127767100 100000005911352100 100000004508696100 100000000507799100,"выраженной структуры не выявлено, преимущественно периферия; без seed-клиентов; внутренний оборот 0.3 млн KZT"
41,7,0,3077000.0,100000002241986100 100000001053894100 100000002594214100 100000004047887100 100000004070530100,"выраженной структуры не выявлено, преимущественно периферия; без seed-клиентов; внутренний оборот 6.4 млн KZT"
42,6,1,1527967.0,100000007939160100 100000005183943100 100000007930878100 100000000955444100 100000000580561100,"выраженной структуры не выявлено, преимущественно периферия; 1 seed-клиент; внутренний оборот 3.1 млн KZT"
43,6,1,1615030.0,100000008751429100 100000005456919100 100000000307908100 100000008736940100 100000008659445100,"выраженной структуры не выявлено, преимущественно периферия; 1 seed-клиент; внутренний оборот 3.2 млн KZT"
44,6,1,275885.0,100000005895525100 100000002462183100 100000007175718100 100000005056870100 100000005807278100,"выраженной структуры не выявлено, преимущественно периферия; 1 seed-клиент; внутренний оборот 0.6 млн KZT"
45,6,1,383300.0,100000004094958100 100000005363908100 100000004331458100 100000005546031100 100000005547096100,признаки транзитной цепочки: 2 узла пропускают средства дальше; 1 seed-клиент; внутренний оборот 0.8 млн KZT
46,6,0,720900.0,100000008761219100 100000007472293100 100000006638021100 100000008333492100 100000002794374100,"выраженной структуры не выявлено, преимущественно периферия; без seed-клиентов; внутренний оборот 1.5 млн KZT"
47,6,0,2540000.0,100000004717647100 100000004479404100 100000002922000100 100000002659103100 100000001533161100,"выраженной структуры не выявлено, преимущественно периферия; без seed-клиентов; внутренний оборот 5.1 млн KZT"
48,6,0,2534500.0,100000003747133100 100000002578653100 100000004722765100 100000005075949100 100000006527156100,признаки точки сбора: 1 узел аккумулируют средства; без seed-клиентов; внутренний оборот 5.3 млн KZT
49,5,2,108007.0,100000006562026100 100000007347733100 100000008129393100 100000006249740100 100000006831291100,"выраженной структуры не выявлено, преимущественно периферия; 2 seed-клиента; внутренний оборот 0.2 млн KZT"
50,5,1,2809200.0,100000004135268100 100000002738256100 100000007507343100 100000004979498100 100000008571433100,признаки транзитной цепочки: 2 узла пропускают средства дальше; 1 seed-клиент; внутренний оборот 5.6 млн KZT
51,5,0,1189154.0,100000000291906100 100000000291908100 100000004670388100 100000004691350100 100000004722630100,признаки транзитной цепочки: 1 узел пропускают средства дальше; без seed-клиентов; внутренний оборот 2.4 млн KZT
52,5,0,172000.0,100000004659919100 100000005031696100 100000001223977100 100000002700161100 100000008461217100,"выраженной структуры не выявлено, преимущественно периферия; без seed-клиентов; внутренний оборот 0.3 млн KZT"
53,5,0,338950.0,100000004715209100 100000008190411100 100000003133045100 100000004747154100 100000001498732100,"выраженной структуры не выявлено, преимущественно периферия; без seed-клиентов; внутренний оборот 0.7 млн KZT"
54,4,1,1404980.0,100000000785800100 100000002459163100 100000001872484100 100000008601794100,признаки транзитной цепочки: 1 узел пропускают средства дальше; 1 seed-клиент; внутренний оборот 2.8 млн KZT
55,4,0,460000.0,100000000201868100 100000006069103100 100000003192220100 100000006787636100,признаки транзитной цепочки: 2 узла пропускают средства дальше; без seed-клиентов; внутренний оборот 1.0 млн KZT
56,4,0,518000.0,100000003163886100 100000000629812100 100000001380107100 100000002205022100,"выраженной структуры не выявлено, преимущественно периферия; без seed-клиентов; внутренний оборот 1.1 млн KZT"
57,4,1,79050.0,100000001852140100 100000003148220100 100000006888238100 100000004971871100,"выраженной структуры не выявлено, преимущественно периферия; 1 seed-клиент; внутренний оборот 0.2 млн KZT"
58,4,0,1595700.0,100000001052945100 100000001131403100 100000004616845100 100000005146665100,"выраженной структуры не выявлено, преимущественно периферия; без seed-клиентов; внутренний оборот 3.2 млн KZT"
59,4,0,332709.0,100000002513028100 100000004610802100 100000002516862100 100000004780083100,"выраженной структуры не выявлено, преимущественно периферия; без seed-клиентов; внутренний оборот 0.7 млн KZT"
60,4,0,832800.0,100000008625905100 100000003159641100 100000001065234100 100000002194320100,"выраженной структуры не выявлено, преимущественно периферия; без seed-клиентов; внутренний оборот 1.7 млн KZT"
61,3,1,390167.62,100000002781227100 100000002796853100 100000008522127100,признаки транзитной цепочки: 1 узел пропускают средства дальше; 1 seed-клиент; внутренний оборот 0.8 млн KZT
62,3,1,450000.0,100000002371751100 100000000769919100 100000007018630100,признаки транзитной цепочки: 1 узел пропускают средства дальше; 1 seed-клиент; внутренний оборот 0.9 млн KZT
63,3,1,450816.0,100000005034574100 100000007283257100 100000004388983100,"выраженной структуры не выявлено, преимущественно периферия; 1 seed-клиент; внутренний оборот 0.9 млн KZT"
64,3,0,627870.0,100000004666651100 100000005664632100 100000008628231100,"выраженной структуры не выявлено, преимущественно периферия; без seed-клиентов; внутренний оборот 1.3 млн KZT"
65,3,0,1557988.0,100000008258458100 100000004035925100 100000008619159100,"выраженной структуры не выявлено, преимущественно периферия; без seed-клиентов; внутренний оборот 3.1 млн KZT"
66,3,0,553830.0,100000003321895100 100000003692843100 100000002371892100,"выраженной структуры не выявлено, преимущественно периферия; без seed-клиентов; внутренний оборот 1.1 млн KZT"
67,2,1,81465.0,100000003865939100 100000005392290100,"выраженной структуры не выявлено, преимущественно периферия; 1 seed-клиент; внутренний оборот 0.2 млн KZT"
68,2,1,30000.0,100000003980083100 100000003200071100,"выраженной структуры не выявлено, преимущественно периферия; 1 seed-клиент; внутренний оборот 0.1 млн KZT"
69,2,0,857500.0,100000008324800100 100000007390016100,признаки транзитной цепочки: 1 узел пропускают средства дальше; без seed-клиентов; внутренний оборот 1.9 млн KZT
70,2,0,584900.0,100000008430691100 100000007330432100,"выраженной структуры не выявлено, преимущественно периферия; без seed-клиентов; внутренний оборот 1.2 млн KZT"
71,2,0,761255.0,100000000583220100 100000004586598100,"выраженной структуры не выявлено, преимущественно периферия; без seed-клиентов; внутренний оборот 1.5 млн KZT"
72,1,1,0.0,100000000456947100,"выраженной структуры не выявлено, преимущественно периферия; 1 seed-клиент; внутренний оборот 0.0 млн KZT"
73,1,1,0.0,100000003265658100,"выраженной структуры не выявлено, преимущественно периферия; 1 seed-клиент; внутренний оборот 0.0 млн KZT"
74,1,1,0.0,100000003349739100,"выраженной структуры не выявлено, преимущественно периферия; 1 seed-клиент; внутренний оборот 0.0 млн KZT"
75,1,1,0.0,100000003770083100,"выраженной структуры не выявлено, преимущественно периферия; 1 seed-клиент; внутренний оборот 0.0 млн KZT"
76,1,1,0.0,100000004021459100,"выраженной структуры не выявлено, преимущественно периферия; 1 seed-клиент; внутренний оборот 0.0 млн KZT"
77,1,1,0.0,100000004174835100,"выраженной структуры не выявлено, преимущественно периферия; 1 seed-клиент; внутренний оборот 0.0 млн KZT"
78,1,1,0.0,100000005017150100,"выраженной структуры не выявлено, преимущественно периферия; 1 seed-клиент; внутренний оборот 0.0 млн KZT"
79,1,1,0.0,100000005087431100,"выраженной структуры не выявлено, преимущественно периферия; 1 seed-клиент; внутренний оборот 0.0 млн KZT"
80,1,1,0.0,100000005235389100,"выраженной структуры не выявлено, преимущественно периферия; 1 seed-клиент; внутренний оборот 0.0 млн KZT"
81,1,1,0.0,100000005480435100,"выраженной структуры не выявлено, преимущественно периферия; 1 seed-клиент; внутренний оборот 0.0 млн KZT"
82,1,1,0.0,100000005495722100,"выраженной структуры не выявлено, преимущественно периферия; 1 seed-клиент; внутренний оборот 0.0 млн KZT"
83,1,1,0.0,100000005550592100,"выраженной структуры не выявлено, преимущественно периферия; 1 seed-клиент; внутренний оборот 0.0 млн KZT"
84,1,1,0.0,100000005560900100,"выраженной структуры не выявлено, преимущественно периферия; 1 seed-клиент; внутренний оборот 0.0 млн KZT"
85,1,1,0.0,100000005568407100,"выраженной структуры не выявлено, преимущественно периферия; 1 seed-клиент; внутренний оборот 0.0 млн KZT"
86,1,1,0.0,100000008117324100,"выраженной структуры не выявлено, преимущественно периферия; 1 seed-клиент; внутренний оборот 0.0 млн KZT"
87,1,1,0.0,100000008205000100,"выраженной структуры не выявлено, преимущественно периферия; 1 seed-клиент; внутренний оборот 0.0 млн KZT"
88,1,1,0.0,100000008513251100,"выраженной структуры не выявлено, преимущественно периферия; 1 seed-клиент; внутренний оборот 0.0 млн KZT"
89,1,1,0.0,100000008669037100,"выраженной структуры не выявлено, преимущественно периферия; 1 seed-клиент; внутренний оборот 0.0 млн KZT"
90,1,1,0.0,100000008701222100,"выраженной структуры не выявлено, преимущественно периферия; 1 seed-клиент; внутренний оборот 0.0 млн KZT"
